101,Sharl Perks,44,8000,Tester,Testing,P11,Insurance,Mohan,Bangalore,Karnataka
102,Roi Quillinane,41,8001,Tester,Testing,P11,Insurance,Mohan,Bangalore,Karnataka
103,Lisha Borman,62,8002,Tester,Testing,P11,Insurance,Mohan,Bangalore,Karnataka
104,Lexy Maber,53,8003,Tester,Testing,P11,Insurance,Mohan,Bangalore,Karnataka
105,Goddart Mitskevich,47,8004,Tester,Testing,P11,Insurance,Mohan,Bangalore,Karnataka
106,Kerrin Lyes,35,8005,Tester,Testing,P11,Insurance,Mohan,Bangalore,Karnataka
107,Brandie Le Count,34,8006,Tester,Testing,P11,Insurance,Mohan,Bangalore,Karnataka
108,Baird McKyrrelly,34,8007,Tester,Testing,P11,Insurance,Mohan,Bangalore,Karnataka
109,Kristan Dottrell,49,8008,Tester,Testing,P11,Insurance,Mohan,Bangalore,Karnataka
110,Ray Skully,41,8009,Tester,Testing,P11,Insurance,Mohan,Bangalore,Karnataka
111,Teddy Durban,37,8010,Tester,Testing,P11,Insurance,Mohan,Bangalore,Karnataka
112,Ardella Jotham,38,8011,Tester,Testing,P11,Insurance,Mohan,Bangalore,Karnataka
113,Opalina Castille,34,8012,Tester,Testing,P11,Insurance,Mohan,Bangalore,Karnataka
114,Alex MacNab,32,8013,Tester,Testing,P11,Insurance,Mohan,Bangalore,Karnataka
115,Lisa Bigby,40,8014,Tester,Testing,P11,Insurance,Mohan,Bangalore,Karnataka
116,Randolf Stede,43,15000,Clerk,Marketing,P12,Finance,Sanjeev,Chennai,Tamil Nadu
117,Sigismund Twinn,48,15001,Clerk,Marketing,P12,Finance,Sanjeev,Chennai,Tamil Nadu
118,Silvan Antoniottii,41,15002,Clerk,Marketing,P12,Finance,Sanjeev,Chennai,Tamil Nadu
119,Darwin Mangham,39,15003,Clerk,Marketing,P12,Finance,Sanjeev,Chennai,Tamil Nadu
120,Paule Buggs,49,15004,Clerk,Marketing,P12,Finance,Sanjeev,Chennai,Tamil Nadu
121,Ivonne Danbury,57,15005,Clerk,Marketing,P12,Finance,Sanjeev,Chennai,Tamil Nadu
122,Christal Collinge,41,15006,Clerk,Marketing,P12,Finance,Sanjeev,Chennai,Tamil Nadu
123,Lotte Drayson,38,15007,Clerk,Marketing,P12,Finance,Sanjeev,Chennai,Tamil Nadu
124,Abagael Coulling,39,15008,Clerk,Marketing,P12,Finance,Sanjeev,Chennai,Tamil Nadu
125,Donnajean Roscamps,52,15009,Clerk,Marketing,P12,Finance,Sanjeev,Chennai,Tamil Nadu
126,Valentine Halleday,51,15010,Clerk,Marketing,P12,Finance,Sanjeev,Chennai,Tamil Nadu
127,Ezechiel Bisley,35,15011,Clerk,Marketing,P12,Finance,Sanjeev,Chennai,Tamil Nadu
128,Noami Landell,30,15012,Clerk,Marketing,P12,Finance,Sanjeev,Chennai,Tamil Nadu
129,Yevette Tebbit,39,15013,Clerk,Marketing,P12,Finance,Sanjeev,Chennai,Tamil Nadu
130,Brody Gianneschi,36,15014,Clerk,Marketing,P12,Finance,Sanjeev,Chennai,Tamil Nadu
131,Patsy Aistrop,43,15015,Clerk,Marketing,P12,Finance,Sanjeev,Chennai,Tamil Nadu
132,Anna-maria Curneen,49,15016,Clerk,Marketing,P12,Finance,Sanjeev,Chennai,Tamil Nadu
133,Hillery Griffoen,36,15017,Clerk,Marketing,P12,Finance,Sanjeev,Chennai,Tamil Nadu
134,Nancie Charville,47,15018,Clerk,Marketing,P12,Finance,Sanjeev,Chennai,Tamil Nadu
135,Caldwell Eddleston,31,15019,Clerk,Marketing,P12,Finance,Sanjeev,Chennai,Tamil Nadu
136,Torrin Gierhard,47,15020,Clerk,Marketing,P12,Finance,Sanjeev,Chennai,Tamil Nadu
137,Jacintha Burgoin,37,15021,Clerk,Marketing,P12,Finance,Sanjeev,Chennai,Tamil Nadu
138,Iolande Studholme,57,15022,Clerk,Marketing,P12,Finance,Sanjeev,Chennai,Tamil Nadu
139,Leupold Genders,42,15023,Clerk,Marketing,P12,Finance,Sanjeev,Chennai,Tamil Nadu
140,Kevon Grzes,45,15024,Clerk,Marketing,P12,Finance,Sanjeev,Chennai,Tamil Nadu
141,Katherine Withinshaw,42,15025,Clerk,Marketing,P12,Finance,Sanjeev,Chennai,Tamil Nadu
142,Jdavie Heaford,45,15026,Clerk,Marketing,P12,Finance,Sanjeev,Chennai,Tamil Nadu
143,Susann Kilian,62,25000,Programmer,Development,P13,Health,Shubham,Pune,Maharastra
144,Llywellyn Damiral,43,25001,Programmer,Development,P13,Health,Shubham,Pune,Maharastra
145,Elisabetta Rampton,42,25002,Programmer,Development,P13,Health,Shubham,Pune,Maharastra
146,Jennilee Quade,48,25003,Programmer,Development,P13,Health,Shubham,Pune,Maharastra
147,Genevieve Krolle,49,25004,Programmer,Development,P13,Health,Shubham,Pune,Maharastra
148,Donny Camm,56,25005,Programmer,Development,P13,Health,Shubham,Pune,Maharastra
149,Cy Phil,38,25006,Programmer,Development,P13,Health,Shubham,Pune,Maharastra
150,Koren Montilla,60,25007,Programmer,Development,P13,Health,Shubham,Pune,Maharastra
151,Lorie Fielder,30,25008,Programmer,Development,P13,Health,Shubham,Pune,Maharastra
152,Jody Dorro,40,25009,Programmer,Development,P13,Health,Shubham,Pune,Maharastra
153,Florinda Oswald,42,25010,Programmer,Development,P13,Health,Shubham,Pune,Maharastra
154,Bran Kryszkiecicz,37,25011,Programmer,Development,P13,Health,Shubham,Pune,Maharastra
155,Kerry Gotthard,76,25012,Programmer,Development,P13,Health,Shubham,Pune,Maharastra
156,Dionisio Clac,39,25013,Programmer,Development,P13,Health,Shubham,Pune,Maharastra
157,Sayres Cridlin,53,25014,Programmer,Development,P13,Health,Shubham,Pune,Maharastra
158,Briggs Abrahamsen,45,25015,Programmer,Development,P13,Health,Shubham,Pune,Maharastra
159,Aleda Peltz,36,25016,Programmer,Development,P13,Health,Shubham,Pune,Maharastra
160,Cicely Drewitt,62,25017,Programmer,Development,P13,Health,Shubham,Pune,Maharastra
161,Roselin Heamus,43,25018,Programmer,Development,P13,Health,Shubham,Pune,Maharastra
162,Lowe Fargher,51,25019,Programmer,Development,P13,Health,Shubham,Pune,Maharastra
163,Ring Barkworth,32,25020,Programmer,Development,P13,Health,Shubham,Pune,Maharastra
164,Corinna Shera,42,25021,Programmer,Development,P13,Health,Shubham,Pune,Maharastra
165,Adelle Roskeilly,54,25022,Programmer,Development,P13,Health,Shubham,Pune,Maharastra
166,Elisabeth Poppy,52,25023,Programmer,Development,P13,Health,Shubham,Pune,Maharastra
167,Dean Danielot,37,25024,Programmer,Development,P13,Health,Shubham,Pune,Maharastra
168,Erika Kearns,38,25025,Programmer,Development,P13,Health,Shubham,Pune,Maharastra
169,Joline Fendlow,32,25026,Programmer,Development,P13,Health,Shubham,Pune,Maharastra
170,Nannie Hampshaw,45,25027,Programmer,Development,P13,Health,Shubham,Pune,Maharastra
171,Delmor Ridgley,60,25028,Programmer,Development,P13,Health,Shubham,Pune,Maharastra
172,Feodora Jacob,46,25029,Programmer,Development,P13,Health,Shubham,Pune,Maharastra
173,Starla Pickerin,40,25030,Programmer,Development,P13,Health,Shubham,Pune,Maharastra
174,Hazel Lillee,36,25031,Programmer,Development,P13,Health,Shubham,Pune,Maharastra
175,Erin O'Mahoney,47,25032,Programmer,Development,P13,Health,Shubham,Pune,Maharastra
176,Robinetta Earlam,29,25033,Programmer,Development,P13,Health,Shubham,Pune,Maharastra
177,Randy Appleyard,43,25034,,Development,P13,Health,Shubham,Pune,Maharastra
178,Jaquelin Cundey,37,25035,,Development,P13,Health,Shubham,Pune,Maharastra
179,Yuma Bees,38,12000,Employee,Sales,P14,Cloud,Rajeev,Noida,UP
180,See Haselup,45,12001,Employee,Sales,P14,Cloud,Rajeev,Noida,UP
181,Dominic Boyn,50,12002,Employee,Sales,P14,Cloud,Rajeev,Noida,UP
182,Ralina McKillop,48,12003,Employee,Sales,P14,Cloud,Rajeev,Noida,UP
183,Griff Sandells,60,12004,Employee,Sales,P14,Cloud,Rajeev,Noida,UP
184,Avie Menere,50,12005,Employee,Sales,P14,Cloud,Rajeev,Noida,UP
185,Zeb Gregore,39,12006,Employee,Sales,P14,Cloud,Rajeev,Noida,UP
186,Wrennie Wines,55,12007,Employee,Sales,P14,Cloud,Rajeev,Noida,UP
187,Beverly Hunday,44,12008,Employee,Sales,P14,Cloud,Rajeev,Noida,UP
188,Cazzie Yarranton,33,12009,Employee,Sales,P14,Cloud,Rajeev,Noida,UP
189,Ludovika Kreutzer,41,12010,Employee,Sales,P14,Cloud,Rajeev,Noida,UP
190,Tabb Foxhall,57,12011,Employee,Sales,P14,Cloud,Rajeev,Noida,UP
191,Raina Fullalove,42,12012,Employee,Sales,P14,Cloud,Rajeev,Noida,UP
192,Lela LeEstut,45,12013,Employee,Sales,P14,Cloud,Rajeev,Noida,UP
193,Anthe Vertigan,42,12014,Employee,Sales,P14,Cloud,Rajeev,Noida,UP
194,Darrel Sibson,45,12015,Employee,Sales,P14,Cloud,Rajeev,Noida,UP
195,Joella Colwill,62,12016,Employee,Sales,P14,Cloud,Rajeev,Noida,UP
196,Jenelle Jersh,43,12017,Employee,Sales,P14,Cloud,Rajeev,Noida,UP
197,Tedman Gianolini,42,12018,Employee,Sales,P14,Cloud,Rajeev,Noida,UP
198,Gerry Kovelmann,48,12019,Employee,Sales,P14,Cloud,Rajeev,Noida,UP
199,Carolin Quibell,49,12020,Employee,Sales,P14,Cloud,Rajeev,Noida,UP
200,Arie Ubach,76,12021,Employee,Sales,P14,Cloud,Rajeev,Noida,UP
