id,name,age,salary,designation,dept,project_id,project_name,manager,city,state
1,Sharl Perks,82,6822,Senior Cost Accountant,Garden,1,Job,Gayelord De la Feld,Fresno,California
2,Roi Quillinane,50,1947,Office Assistant III,Movies,2,Wrapsafe,Jacintha Brewitt,Daytona Beach,Florida
3,Lisha Borman,17,802,Actuary,Computers,3,Alphazap,Audrey Wilstead,San Diego,California
4,Lexy Maber,31,861,Design Engineer,Home,4,Voyatouch,Melania Gilbane,Cleveland,Ohio
5,Goddart Mitskevich,5,19811,Senior Editor,Baby,5,Cardify,Hashim Domone,San Antonio,Texas
6,Kerrin Lyes,45,9,Recruiting Manager,Electronics,6,Opela,Sherry Feathersby,Chicago,Illinois
7,Brandie Le Count,40,65,Design Engineer,Music,7,Stronghold,Jaquenette Bahlmann,Huntington,West Virginia
8,Baird McKyrrelly,20,318,Research Nurse,Computers,8,Alpha,Dre Doram,Buffalo,New York
9,Kristan Dottrell,94,72,Senior Quality Engineer,Grocery,9,Tres-Zap,Marcella Pideon,Saint Louis,Missouri
10,Ray Skully,34,633,Account Coordinator,Shoes,10,Zamit,Bealle Abys,Kansas City,Missouri
11,Teddy Durban,43,0,Financial Advisor,Garden,11,Konklux,Stillmann Oppy,Dallas,Texas
12,Ardella Jotham,34,67,Clinical Specialist,Games,12,Redhold,Ilyssa Bonhill,Denver,Colorado
13,Opalina Castille,94,6945,Developer III,Outdoors,13,Wrapsafe,Anstice Tranmer,Cleveland,Ohio
14,Alex MacNab,37,5112,Design Engineer,Automotive,14,Veribet,Rakel Maylin,Shawnee Mission,Kansas
15,Lisa Bigby,56,1424,Web Developer IV,Garden,15,Zontrax,Frasquito Brunker,Buffalo,New York
16,Randolf Stede,7,3965,Senior Financial Analyst,Jewelery,16,Biodex,Sal Cheke,Fairfield,Connecticut
17,Sigismund Twinn,48,8,Professor,Automotive,17,Fix San,Michele Pashen,Cincinnati,Ohio
18,Silvan Antoniottii,73,10903,Engineer I,Books,18,It,Annelise Kinforth,Honolulu,Hawaii
19,Darwin Mangham,17,81212,Developer IV,Shoes,19,Zoolab,Rodolph Long,Honolulu,Hawaii
20,Paule Buggs,60,95,Geological Engineer,Movies,20,Cardify,Glen Starten,Jamaica,New York
21,Ivonne Danbury,26,6,Software Consultant,Music,21,Aerified,Ivett Lourenco,Melbourne,Florida
22,Christal Collinge,65,2,Environmental Specialist,Home,22,Voyatouch,Bernardo Filpi,Lincoln,Nebraska
23,Lotte Drayson,81,877,Accountant III,Jewelery,23,Stronghold,Rea Sawyer,San Bernardino,California
24,Abagael Coulling,24,182,Occupational Therapist,Clothing,24,Y-find,Gates Balcombe,Seminole,Florida
25,Donnajean Roscamps,77,724,Administrative Assistant II,Books,25,Solarbreeze,Yalonda Reynolds,Milwaukee,Wisconsin
26,Valentine Halleday,22,292,Financial Analyst,Clothing,26,Toughjoyfax,Harlie Silbermann,Cedar Rapids,Iowa
27,Ezechiel Bisley,26,8430,Staff Scientist,Home,27,Zoolab,Colan Billington,Washington,District of Columbia
28,Noami Landell,51,9755,Community Outreach Specialist,Jewelery,28,Zathin,Raoul Costy,Norcross,Georgia
29,Yevette Tebbit,11,210,Project Manager,Home,29,Prodder,Nowell Oscroft,Minneapolis,Minnesota
30,Brody Gianneschi,100,37,Sales Representative,Grocery,30,Bitchip,Marnie Barr,Sacramento,California
31,Patsy Aistrop,20,1,Chemical Engineer,Music,31,Namfix,Agnesse Fareweather,Norfolk,Virginia
32,Anna-maria Curneen,51,4867,Environmental Specialist,Industrial,32,Hatity,Judy Bridat,Charlotte,North Carolina
33,Hillery Griffoen,98,755,Staff Scientist,Books,33,Trippledex,Kerri Jahner,Fort Lauderdale,Florida
34,Nancie Charville,21,96283,Occupational Therapist,Automotive,34,Tampflex,Toby Bugdell,El Paso,Texas
35,Caldwell Eddleston,91,696,VP Marketing,Tools,35,Aerified,Jarrett Chaloner,Orange,California
36,Torrin Gierhard,88,440,Help Desk Operator,Garden,36,Y-find,Kendrick Hopkyns,Houston,Texas
37,Jacintha Burgoin,51,3,Mechanical Systems Engineer,Kids,37,Bigtax,Lynn Clynman,Louisville,Kentucky
38,Iolande Studholme,97,7,Marketing Manager,Movies,38,Stronghold,Candra MacPeake,Mobile,Alabama
39,Leupold Genders,35,5,Professor,Sports,39,Zoolab,Sol Lovering,Washington,District of Columbia
40,Kevon Grzes,97,90,Senior Quality Engineer,Music,40,Ventosanzap,Forrest Jewiss,Des Moines,Iowa
41,Katherine Withinshaw,8,6810,Food Chemist,Garden,41,It,Marijn Strettell,Austin,Texas
42,Jdavie Heaford,45,27,Biostatistician I,Toys,42,Solarbreeze,Krishna Smithend,Peoria,Illinois
43,Susann Kilian,49,79,Help Desk Technician,Outdoors,43,Tin,Gaby Ilyunin,North Port,Florida
44,Llywellyn Damiral,53,8624,Environmental Specialist,Shoes,44,Regrant,Tove Pennick,San Diego,California
45,Elisabetta Rampton,59,6470,Assistant Manager,Home,45,Sonair,Misti Harvatt,Philadelphia,Pennsylvania
46,Jennilee Quade,27,6634,Physical Therapy Assistant,Grocery,46,Kanlam,Darren Losty,Hartford,Connecticut
47,Genevieve Krolle,82,2,Marketing Manager,Jewelery,47,Tin,Osborn Pucker,Tulsa,Oklahoma
48,Donny Camm,32,966,Account Representative I,Jewelery,48,Ventosanzap,Granger Pennicard,Pittsburgh,Pennsylvania
49,Cy Phil,45,14,Dental Hygienist,Music,49,Domainer,Waverley Berendsen,Bradenton,Florida
50,Koren Montilla,66,873,Biostatistician IV,Grocery,50,Mat Lam Tam,Donal Mecozzi,New Castle,Pennsylvania
51,Lorie Fielder,81,671,Technical Writer,Home,51,Viva,Vern Bagehot,Birmingham,Alabama
52,Jody Dorro,98,17803,Geologist IV,Outdoors,52,Stringtough,Anestassia Gommey,Washington,District of Columbia
53,Florinda Oswald,14,4280,Software Engineer IV,Toys,53,Solarbreeze,Simon Pallister,Houston,Texas
54,Bran Kryszkiecicz,58,8,Staff Accountant I,Home,54,Latlux,Tome Becconsall,Fort Lauderdale,Florida
55,Kerry Gotthard,42,69,Sales Associate,Games,55,Matsoft,Annora Blazek,Erie,Pennsylvania
56,Dionisio Clac,55,11584,Senior Cost Accountant,Books,56,Kanlam,Jens Sharply,Arlington,Virginia
57,Sayres Cridlin,97,77278,Business Systems Development Analyst,Computers,57,Konklux,Mozes Derobert,Fort Myers,Florida
58,Briggs Abrahamsen,89,42581,Physical Therapy Assistant,Beauty,58,Voyatouch,Amabelle Aymer,Atlanta,Georgia
59,Aleda Peltz,16,46190,Administrative Officer,Computers,59,Biodex,Georgeanne Hurll,Pensacola,Florida
60,Cicely Drewitt,68,713,VP Product Management,Automotive,60,Namfix,Vinni Dudin,Tulsa,Oklahoma
61,Roselin Heamus,23,18,Project Manager,Kids,61,Daltfresh,Dreddy Stelli,Pittsburgh,Pennsylvania
62,Lowe Fargher,7,236,Professor,Tools,62,Treeflex,Maureene Millberg,Fort Worth,Texas
63,Ring Barkworth,45,0,Geological Engineer,Electronics,63,Cardify,Rory Christofe,Bradenton,Florida
64,Corinna Shera,12,22,Programmer Analyst II,Electronics,64,Y-find,Nerty Kittel,Saint Petersburg,Florida
65,Adelle Roskeilly,63,22,Engineer IV,Grocery,65,Konklux,Gaspar Hoys,Chula Vista,California
66,Elisabeth Poppy,29,0,Marketing Assistant,Grocery,66,Cardify,Desiri Abisetti,Naples,Florida
67,Dean Danielot,51,149,Senior Cost Accountant,Jewelery,67,Quo Lux,Clem Rapaport,Portland,Maine
68,Erika Kearns,68,1822,Chemical Engineer,Movies,68,Tempsoft,Yuma Kenworthey,Richmond,Virginia
69,Joline Fendlow,68,21245,General Manager,Games,69,Overhold,Spike McMychem,Omaha,Nebraska
70,Nannie Hampshaw,91,816,Chief Design Engineer,Jewelery,70,Tampflex,Chucho Varvell,Bronx,New York
71,Delmor Ridgley,76,5,Human Resources Assistant II,Kids,71,Bamity,Lynne Videler,Denton,Texas
72,Feodora Jacob,59,899,Professor,Health,72,Andalax,Tony Mushet,Richmond,Virginia
73,Starla Pickerin,78,79082,Nurse,Outdoors,73,Hatity,Jamie Etock,Birmingham,Alabama
74,Hazel Lillee,89,97,Director of Sales,Books,74,Lotlux,Leda Reschke,Amarillo,Texas
75,Erin O'Mahoney,65,83,Analog Circuit Design manager,Electronics,75,Sonsing,Anne Gavini,Boise,Idaho
76,Robinetta Earlam,35,2,Budget/Accounting Analyst II,Grocery,76,Greenlam,Boote Prandi,Newton,Massachusetts
77,Randy Appleyard,9,25471,Data Coordiator,Beauty,77,Kanlam,Marylee Hauck,Colorado Springs,Colorado
78,Jaquelin Cundey,69,6330,Research Nurse,Games,22,Bytecard,La verne Gergolet,Morgantown,West Virginia
79,Yuma Bees,28,1,Graphic Designer,Shoes,22,Quo Lux,Elaine Lude,New Bedford,Massachusetts
80,See Haselup,99,9372,Sales Associate,Shoes,1,Overhold,Zarah Vaskin,Portland,Oregon
81,Dominic Boyn,86,4648,Geologist I,Clothing,5,Flexidy,Row McGonigle,Los Angeles,California
82,Ralina McKillop,82,78717,Analog Circuit Design manager,Home,4,Voltsillam,Octavius Fenwick,Lubbock,Texas
83,Griff Sandells,4,9,VP Quality Control,Outdoors,3,Voltsillam,Stevie McKerley,Jacksonville,Florida
84,Avie Menere,1,6,VP Marketing,Tools,2,Trippledex,Stephannie Hearns,Kansas City,Missouri
85,Zeb Gregore,89,9913,Chemical Engineer,Computers,1,Biodex,Hugibert Witard,Nashville,Tennessee
86,Wrennie Wines,38,6,VP Marketing,Tools,3,Keylex,Ethelbert Ponte,Fairbanks,Alaska
87,Beverly Hunday,14,272,Financial Advisor,Electronics,2,Home Ing,Aron Cusick,Irving,Texas
88,Cazzie Yarranton,73,1,Recruiting Manager,Baby,1,Tres-Zap,Latashia Suerz,Madison,Wisconsin
89,Ludovika Kreutzer,3,8184,Mechanical Systems Engineer,Baby,1,Alpha,Rahal Gynni,Nashville,Tennessee
90,Tabb Foxhall,54,33,Senior Sales Associate,Movies,11,Daltfresh,Junie Hurnell,Carol Stream,Illinois
91,Raina Fullalove,22,95037,Structural Engineer,Outdoors,22,Home Ing,Heall Crews,Oklahoma City,Oklahoma
92,Lela LeEstut,54,7,Research Nurse,Tools,22,Span,Vernor Herculson,Whittier,California
93,Anthe Vertigan,53,766,Teacher,Garden,11,Opela,Alwyn Jaggard,Youngstown,Ohio
94,Darrel Sibson,21,1322,Actuary,Baby,22,Bitchip,Gayelord Puzey,Washington,District of Columbia
95,Joella Colwill,21,74524,Office Assistant IV,Garden,22,It,Joli Fakeley,Albuquerque,New Mexico
96,Jenelle Jersh,99,8,Executive Secretary,Music,22,Sonsing,Flossy Skase,Charleston,West Virginia
97,Tedman Gianolini,48,9,Sales Associate,Toys,11,Bitchip,Rozanna Buttery,Kansas City,Missouri
98,Gerry Kovelmann,93,87,Community Outreach Specialist,Automotive,33,Biodex,Barri Barbera,Gainesville,Florida
99,Carolin Quibell,56,2092,Software Consultant,Outdoors,11,Ventosanzap,Theresa Pretti,Charlottesville,Virginia
100,Arie Ubach,13,8573,Executive Secretary,Beauty,11,Namfix,Roxine Bremley,Philadelphia,Pennsylvania
